product_id,product_name,category,subcategory,brand,short_description,price_ksh,stock_quantity,condition,seller_id,weight_kg,auction_eligible,rating,review_count
PROD-001,Hisense 43 inch Smart TV,Electronics,TVs,Hisense,High-quality Hisense tvs suited for everyday use. Ideal for the Kenyan market.,33000,0,New,SELL-008,7.5,True,4.5,501
PROD-002,Samsung 55 inch 4K Smart TV,Electronics,TVs,Samsung,High-quality Samsung tvs suited for everyday use. Ideal for the Kenyan market.,85000,3,New,SELL-003,15.0,True,4.4,1116
PROD-003,Vitron 32 inch Digital TV,Electronics,TVs,Vitron,High-quality Vitron tvs suited for everyday use. Ideal for the Kenyan market.,12500,16,New,SELL-008,5.0,False,3.1,447
PROD-004,Sony WH-1000XM5 Headphones,Electronics,headphones,Sony,High-quality Sony headphones suited for everyday use. Ideal for the Kenyan market.,45000,0,New,SELL-021,0.3,True,4.1,1466
PROD-005,JBL Flip 6 Bluetooth Speaker,Electronics,accessories,JBL,High-quality JBL accessories suited for everyday use. Ideal for the Kenyan market.,15000,13,New,SELL-009,0.6,True,3.4,1206
PROD-006,Vitron 2.1 Channel Subwoofer,Electronics,home electronics,Vitron,High-quality Vitron home electronics suited for everyday use. Ideal for the Kenyan market.,8500,3,New,SELL-023,4.0,False,4.5,326
PROD-007,Sayona 3.1 CH Home Theater,Electronics,home electronics,Sayona,High-quality Sayona home electronics suited for everyday use. Ideal for the Kenyan market.,14000,142,New,SELL-004,6.0,False,3.3,689
PROD-008,Canon EOS 250D DSLR,Electronics,cameras,Canon,High-quality Canon cameras suited for everyday use. Ideal for the Kenyan market.,65000,3,New,SELL-020,1.2,True,3.7,704
PROD-009,Nikon D3500,Electronics,cameras,Nikon,High-quality Nikon cameras suited for everyday use. Ideal for the Kenyan market.,58000,1,New,SELL-004,1.1,True,4.5,1098
PROD-010,HP 15 Celeron Laptop,Electronics,laptops,HP,High-quality HP laptops suited for everyday use. Ideal for the Kenyan market.,35000,12,Refurbished,SELL-027,1.8,True,3.2,600
PROD-011,Lenovo ThinkPad T490 Refurbished,Electronics,laptops,Lenovo,High-quality Lenovo laptops suited for everyday use. Ideal for the Kenyan market.,42000,11,Refurbished,SELL-003,1.6,True,4.2,1442
PROD-012,Dell XPS 13,Electronics,laptops,Dell,High-quality Dell laptops suited for everyday use. Ideal for the Kenyan market.,150000,7,New,SELL-028,1.2,True,4.5,163
PROD-013,TP-Link N300 Wireless Router,Electronics,networking equipment,TP-Link,High-quality TP-Link networking equipment suited for everyday use. Ideal for the Kenyan market.,2500,51,New,SELL-021,0.4,False,3.8,928
PROD-014,Huawei 4G MiFi Router,Electronics,networking equipment,Huawei,High-quality Huawei networking equipment suited for everyday use. Ideal for the Kenyan market.,5500,83,New,SELL-022,0.2,False,3.7,429
PROD-015,Apple iPad Pro 11,Electronics,tablets,Apple,High-quality Apple tablets suited for everyday use. Ideal for the Kenyan market.,135000,21,New,SELL-021,0.5,True,4.3,1247
PROD-016,Ramtons 2-Burner Gas Cooker,Home & Kitchen,kitchen appliances,Ramtons,High-quality Ramtons kitchen appliances suited for everyday use. Ideal for the Kenyan market.,4500,373,New,SELL-013,3.0,False,3.5,946
PROD-017,Mika Microwave Oven 20L,Home & Kitchen,kitchen appliances,Mika,High-quality Mika kitchen appliances suited for everyday use. Ideal for the Kenyan market.,9500,473,New,SELL-008,10.0,False,4.3,1140
PROD-018,Armco Chest Freezer 100L,Home & Kitchen,kitchen appliances,Armco,High-quality Armco kitchen appliances suited for everyday use. Ideal for the Kenyan market.,27000,24,New,SELL-027,25.0,True,4.6,469
PROD-019,Von Hotpoint Water Dispenser,Home & Kitchen,kitchen appliances,Von,High-quality Von kitchen appliances suited for everyday use. Ideal for the Kenyan market.,15000,10,New,SELL-007,12.0,True,3.8,135
PROD-020,Bruhm 4-Burner Cooker,Home & Kitchen,kitchen appliances,Bruhm,High-quality Bruhm kitchen appliances suited for everyday use. Ideal for the Kenyan market.,22000,18,Refurbished,SELL-007,35.0,True,4.8,644
PROD-021,NutriBullet Pro Blender,Home & Kitchen,kitchen appliances,NutriBullet,High-quality NutriBullet kitchen appliances suited for everyday use. Ideal for the Kenyan market.,18000,12,New,SELL-015,2.5,True,4.8,1316
PROD-022,Roch 32L Electric Oven,Home & Kitchen,kitchen appliances,Roch,High-quality Roch kitchen appliances suited for everyday use. Ideal for the Kenyan market.,8500,71,New,SELL-018,8.0,False,3.5,1149
PROD-023,5-Seater Fabric Sofa Set,Home & Kitchen,furniture,Generic,High-quality Generic furniture suited for everyday use. Ideal for the Kenyan market.,45000,18,New,SELL-013,60.0,True,3.9,1195
PROD-024,Orthopedic Mattress 5x6,Home & Kitchen,furniture,Slumberland,High-quality Slumberland furniture suited for everyday use. Ideal for the Kenyan market.,28000,4,New,SELL-025,20.0,True,4.0,186
PROD-025,Jikokoa Charcoal Stove,Home & Kitchen,cookware,Burn,High-quality Burn cookware suited for everyday use. Ideal for the Kenyan market.,4990,56,New,SELL-026,3.5,False,3.3,327
PROD-026,Omo Washing Powder 2kg,Home & Kitchen,cleaning equipment,Omo,High-quality Omo cleaning equipment suited for everyday use. Ideal for the Kenyan market.,650,305,New,SELL-020,2.0,False,3.1,781
PROD-027,Vileda Spin Mop & Bucket,Home & Kitchen,cleaning equipment,Vileda,High-quality Vileda cleaning equipment suited for everyday use. Ideal for the Kenyan market.,4500,270,Refurbished,SELL-028,2.5,False,3.5,1133
PROD-028,Philips Steam Iron,Home & Kitchen,cleaning equipment,Philips,High-quality Philips cleaning equipment suited for everyday use. Ideal for the Kenyan market.,4200,348,Refurbished,SELL-029,1.2,False,4.4,1396
PROD-029,Luminarc Dinner Set 18pc,Home & Kitchen,cookware,Luminarc,High-quality Luminarc cookware suited for everyday use. Ideal for the Kenyan market.,3500,136,New,SELL-004,4.0,False,4.5,696
PROD-030,Wooden Coffee Table,Home & Kitchen,furniture,Jua Kali,High-quality Jua Kali furniture suited for everyday use. Ideal for the Kenyan market.,8000,5,New,SELL-029,15.0,True,3.9,1478
PROD-031,Men's Leather Official Shoes,Fashion,shoes,Bata,High-quality Bata shoes suited for everyday use. Ideal for the Kenyan market.,4500,497,New,SELL-017,1.0,False,4.0,365
PROD-032,Women's Ankara Print Dress,Fashion,women's clothing,Generic,High-quality Generic women's clothing suited for everyday use. Ideal for the Kenyan market.,2500,445,Refurbished,SELL-017,0.4,False,4.3,1308
PROD-033,Men's Denim Jacket,Fashion,men's clothing,Levi's,High-quality Levi's men's clothing suited for everyday use. Ideal for the Kenyan market.,3500,78,New,SELL-018,0.8,False,3.7,330
PROD-034,Casio Vintage Digital Watch,Fashion,watches,Casio,High-quality Casio watches suited for everyday use. Ideal for the Kenyan market.,4500,16,Refurbished,SELL-011,0.1,True,4.8,1226
PROD-035,Mitumba Men's T-Shirt,Fashion,men's clothing,Thrift,High-quality Thrift men's clothing suited for everyday use. Ideal for the Kenyan market.,300,57,New,SELL-008,0.2,False,4.9,629
PROD-036,Women's Handbag PU Leather,Fashion,bags,Generic,High-quality Generic bags suited for everyday use. Ideal for the Kenyan market.,1800,449,New,SELL-003,0.6,False,4.1,161
PROD-037,Nike Air Force 1 Sneakers,Fashion,shoes,Nike,High-quality Nike shoes suited for everyday use. Ideal for the Kenyan market.,8500,2,New,SELL-025,0.9,True,5.0,1090
PROD-038,Adidas Ultraboost Running Shoes,Fashion,shoes,Adidas,High-quality Adidas shoes suited for everyday use. Ideal for the Kenyan market.,12000,21,New,SELL-006,0.8,True,4.0,1125
PROD-039,Kids Cotton Pyjamas,Fashion,children's clothing,Generic,High-quality Generic children's clothing suited for everyday use. Ideal for the Kenyan market.,800,446,New,SELL-030,0.3,False,4.2,433
PROD-040,Men's Khaki Trousers,Fashion,men's clothing,Generic,High-quality Generic men's clothing suited for everyday use. Ideal for the Kenyan market.,1200,373,New,SELL-010,0.5,False,4.4,1460
PROD-041,Women's Maxi Skirt,Fashion,women's clothing,Generic,High-quality Generic women's clothing suited for everyday use. Ideal for the Kenyan market.,1500,343,New,SELL-029,0.4,False,4.3,897
PROD-042,Men's Polo Shirt,Fashion,men's clothing,LC Waikiki,High-quality LC Waikiki men's clothing suited for everyday use. Ideal for the Kenyan market.,1500,61,New,SELL-011,0.3,False,3.5,131
PROD-043,Maasai Shuka Blanket,Fashion,accessories,Local,High-quality Local accessories suited for everyday use. Ideal for the Kenyan market.,1000,283,New,SELL-001,0.5,False,3.5,451
PROD-044,Men's Leather Belt,Fashion,accessories,Generic,High-quality Generic accessories suited for everyday use. Ideal for the Kenyan market.,800,323,New,SELL-029,0.2,False,3.1,138
PROD-045,Silver Plated Pendant Necklace,Fashion,accessories,Generic,High-quality Generic accessories suited for everyday use. Ideal for the Kenyan market.,1200,169,New,SELL-009,0.1,False,3.1,487
PROD-046,Nivea Men Invisible Roll-on,Beauty & Personal Care,grooming,Nivea,High-quality Nivea grooming suited for everyday use. Ideal for the Kenyan market.,450,109,New,SELL-030,0.1,False,4.1,1481
PROD-047,Vaseline Petroleum Jelly 250g,Beauty & Personal Care,skincare,Vaseline,High-quality Vaseline skincare suited for everyday use. Ideal for the Kenyan market.,350,295,New,SELL-026,0.25,False,3.9,968
PROD-048,Dettol Bath Soap 175g,Beauty & Personal Care,personal-care products,Dettol,High-quality Dettol personal-care products suited for everyday use. Ideal for the Kenyan market.,180,48,New,SELL-012,0.175,False,3.2,882
PROD-049,Colgate Herbal Toothpaste 150g,Beauty & Personal Care,personal-care products,Colgate,High-quality Colgate personal-care products suited for everyday use. Ideal for the Kenyan market.,220,239,New,SELL-022,0.15,False,4.7,110
PROD-050,Marini Naturals Curling Butter,Beauty & Personal Care,hair care,Marini,High-quality Marini hair care suited for everyday use. Ideal for the Kenyan market.,1200,330,New,SELL-024,0.3,False,3.2,824
PROD-051,L'Oreal Paris Foundation,Beauty & Personal Care,skincare,L'Oreal,High-quality L'Oreal skincare suited for everyday use. Ideal for the Kenyan market.,2500,441,New,SELL-007,0.1,False,3.2,392
PROD-052,Mikalla Hair Shampoo 500ml,Beauty & Personal Care,hair care,Mikalla,High-quality Mikalla hair care suited for everyday use. Ideal for the Kenyan market.,600,71,New,SELL-015,0.5,False,3.8,570
PROD-053,Alison's Castor Oil,Beauty & Personal Care,hair care,Alison's,High-quality Alison's hair care suited for everyday use. Ideal for the Kenyan market.,400,472,New,SELL-004,0.2,False,3.2,1127
PROD-054,Gillette Mach3 Razor,Beauty & Personal Care,grooming,Gillette,High-quality Gillette grooming suited for everyday use. Ideal for the Kenyan market.,850,276,New,SELL-030,0.1,False,4.7,191
PROD-055,Nice & Lovely Body Lotion 200ml,Beauty & Personal Care,skincare,Nice & Lovely,High-quality Nice & Lovely skincare suited for everyday use. Ideal for the Kenyan market.,250,121,New,SELL-016,0.2,False,3.3,994
PROD-056,Garnier Micellar Cleansing Water,Beauty & Personal Care,skincare,Garnier,High-quality Garnier skincare suited for everyday use. Ideal for the Kenyan market.,950,205,New,SELL-013,0.4,False,4.8,337
PROD-057,Imperial Leather Soap,Beauty & Personal Care,personal-care products,Imperial Leather,High-quality Imperial Leather personal-care products suited for everyday use. Ideal for the Kenyan market.,150,199,New,SELL-010,0.15,False,3.5,931
PROD-058,Dark and Lovely Relaxer Kit,Beauty & Personal Care,hair care,Dark and Lovely,High-quality Dark and Lovely hair care suited for everyday use. Ideal for the Kenyan market.,800,490,New,SELL-022,0.4,False,4.5,1138
PROD-059,MAC Matte Lipstick,Beauty & Personal Care,skincare,MAC,High-quality MAC skincare suited for everyday use. Ideal for the Kenyan market.,3500,79,New,SELL-002,0.05,False,3.4,445
PROD-060,Axe Body Spray Dark Temptation,Beauty & Personal Care,grooming,Axe,High-quality Axe grooming suited for everyday use. Ideal for the Kenyan market.,650,277,New,SELL-002,0.2,False,3.1,642
PROD-061,Jogoo Maize Meal 2kg,Grocery & Food,packaged foods,Jogoo,High-quality Jogoo packaged foods suited for everyday use. Ideal for the Kenyan market.,210,244,New,SELL-006,2.0,False,4.0,1087
PROD-062,Soko Ugali Flour 2kg,Grocery & Food,packaged foods,Soko,High-quality Soko packaged foods suited for everyday use. Ideal for the Kenyan market.,200,260,New,SELL-003,2.0,False,3.2,380
PROD-063,Ketepa Pride Tea Leaves 500g,Grocery & Food,beverages,Ketepa,High-quality Ketepa beverages suited for everyday use. Ideal for the Kenyan market.,350,345,New,SELL-004,0.5,False,4.7,826
PROD-064,Nescafé Classic Coffee 50g,Grocery & Food,beverages,Nescafé,High-quality Nescafé beverages suited for everyday use. Ideal for the Kenyan market.,250,291,New,SELL-002,0.05,False,3.5,1217
PROD-065,Elianto Corn Oil 2L,Grocery & Food,cooking ingredients,Elianto,High-quality Elianto cooking ingredients suited for everyday use. Ideal for the Kenyan market.,900,214,New,SELL-017,2.0,False,4.3,1157
PROD-066,Rina Vegetable Oil 1L,Grocery & Food,cooking ingredients,Rina,High-quality Rina cooking ingredients suited for everyday use. Ideal for the Kenyan market.,350,133,New,SELL-011,1.0,False,3.4,1466
PROD-067,Royco Mchuzi Mix 500g,Grocery & Food,cooking ingredients,Royco,High-quality Royco cooking ingredients suited for everyday use. Ideal for the Kenyan market.,320,202,New,SELL-010,0.5,False,3.3,1321
PROD-068,Indomie Chicken Noodles 5-pack,Grocery & Food,packaged foods,Indomie,High-quality Indomie packaged foods suited for everyday use. Ideal for the Kenyan market.,250,475,New,SELL-001,0.35,False,4.5,148
PROD-069,Weetabix 400g,Grocery & Food,packaged foods,Weetabix,High-quality Weetabix packaged foods suited for everyday use. Ideal for the Kenyan market.,550,288,New,SELL-018,0.4,False,5.0,150
PROD-070,Blue Band Margarine 500g,Grocery & Food,cooking ingredients,Blue Band,High-quality Blue Band cooking ingredients suited for everyday use. Ideal for the Kenyan market.,300,135,New,SELL-029,0.5,False,3.3,714
PROD-071,Tusker Lager 500ml 6-pack,Grocery & Food,beverages,Tusker,High-quality Tusker beverages suited for everyday use. Ideal for the Kenyan market.,1200,125,New,SELL-015,3.0,False,3.7,323
PROD-072,Coca-Cola 2L,Grocery & Food,beverages,Coca-Cola,High-quality Coca-Cola beverages suited for everyday use. Ideal for the Kenyan market.,200,360,New,SELL-017,2.0,False,3.6,1339
PROD-073,Del Monte Mango Juice 1L,Grocery & Food,beverages,Del Monte,High-quality Del Monte beverages suited for everyday use. Ideal for the Kenyan market.,280,418,New,SELL-004,1.0,False,4.1,1358
PROD-074,Kensalt Iodized Salt 1kg,Grocery & Food,cooking ingredients,Kensalt,High-quality Kensalt cooking ingredients suited for everyday use. Ideal for the Kenyan market.,40,68,New,SELL-024,1.0,False,3.5,219
PROD-075,Mumias Sugar 2kg,Grocery & Food,cooking ingredients,Mumias,High-quality Mumias cooking ingredients suited for everyday use. Ideal for the Kenyan market.,380,139,New,SELL-023,2.0,False,3.6,431
PROD-076,Generic Yoga Mat 6mm,Health & Fitness,fitness accessories,Generic,High-quality Generic fitness accessories suited for everyday use. Ideal for the Kenyan market.,1500,351,New,SELL-017,1.0,False,4.3,540
PROD-077,Adjustable Dumbbells 20kg Set,Health & Fitness,exercise equipment,Generic,High-quality Generic exercise equipment suited for everyday use. Ideal for the Kenyan market.,8500,463,New,SELL-003,20.0,False,4.8,104
PROD-078,Speed Skipping Rope,Health & Fitness,fitness accessories,Generic,High-quality Generic fitness accessories suited for everyday use. Ideal for the Kenyan market.,500,424,New,SELL-011,0.2,False,3.6,7
PROD-079,Resistance Bands Set of 5,Health & Fitness,fitness accessories,FitKit,High-quality FitKit fitness accessories suited for everyday use. Ideal for the Kenyan market.,1200,326,New,SELL-024,0.5,False,5.0,330
PROD-080,Foldable Motorized Treadmill,Health & Fitness,exercise equipment,ProForm,High-quality ProForm exercise equipment suited for everyday use. Ideal for the Kenyan market.,65000,22,New,SELL-004,45.0,True,3.9,19
PROD-081,Whey Protein Powder 1kg,Health & Fitness,sports equipment,Optimum Nutrition,High-quality Optimum Nutrition sports equipment suited for everyday use. Ideal for the Kenyan market.,7500,452,New,SELL-018,1.0,False,4.4,305
PROD-082,Men's Gym Gloves,Health & Fitness,fitness accessories,Generic,High-quality Generic fitness accessories suited for everyday use. Ideal for the Kenyan market.,800,189,New,SELL-014,0.1,False,4.2,303
PROD-083,Anti-Burst Exercise Ball 65cm,Health & Fitness,exercise equipment,Generic,High-quality Generic exercise equipment suited for everyday use. Ideal for the Kenyan market.,1500,157,New,SELL-029,0.8,False,3.7,81
PROD-084,Ab Roller Wheel,Health & Fitness,exercise equipment,Generic,High-quality Generic exercise equipment suited for everyday use. Ideal for the Kenyan market.,1200,349,New,SELL-012,0.6,False,3.5,210
PROD-085,Adjustable Posture Corrector,Health & Fitness,general wellness products,Generic,High-quality Generic general wellness products suited for everyday use. Ideal for the Kenyan market.,900,452,New,SELL-024,0.2,False,4.7,1271
PROD-086,Omron Blood Pressure Monitor,Health & Fitness,general wellness products,Omron,High-quality Omron general wellness products suited for everyday use. Ideal for the Kenyan market.,6500,476,New,SELL-026,0.5,False,3.5,332
PROD-087,Comprehensive First Aid Kit,Health & Fitness,general wellness products,Generic,High-quality Generic general wellness products suited for everyday use. Ideal for the Kenyan market.,2500,451,New,SELL-024,1.0,False,3.8,367
PROD-088,Centrum Multivitamin Tablets,Health & Fitness,general wellness products,Centrum,High-quality Centrum general wellness products suited for everyday use. Ideal for the Kenyan market.,3500,400,Refurbished,SELL-028,0.2,False,4.9,1371
PROD-089,Percussion Massage Gun,Health & Fitness,fitness accessories,Generic,High-quality Generic fitness accessories suited for everyday use. Ideal for the Kenyan market.,4500,127,New,SELL-004,1.2,False,3.5,1436
PROD-090,Pilates Resistance Ring,Health & Fitness,fitness accessories,Generic,High-quality Generic fitness accessories suited for everyday use. Ideal for the Kenyan market.,1200,19,New,SELL-007,0.4,False,4.7,455
PROD-091,Heavy Duty Car Jumper Cables,Automotive,tools,Generic,High-quality Generic tools suited for everyday use. Ideal for the Kenyan market.,2500,235,New,SELL-008,1.5,False,3.7,466
PROD-092,Michelin Tyre 205/55R16,Automotive,car accessories,Michelin,High-quality Michelin car accessories suited for everyday use. Ideal for the Kenyan market.,12000,98,New,SELL-028,9.0,False,3.8,570
PROD-093,Xiaomi 70mai Dashboard Camera,Automotive,electronics,Xiaomi,High-quality Xiaomi electronics suited for everyday use. Ideal for the Kenyan market.,8500,24,New,SELL-017,0.4,True,3.6,1313
PROD-094,Studds Full Face Motorcycle Helmet,Automotive,motorcycle accessories,Studds,High-quality Studds motorcycle accessories suited for everyday use. Ideal for the Kenyan market.,3500,431,New,SELL-004,1.5,False,4.1,56
PROD-095,WD-40 Multi-Use Lubricant 400ml,Automotive,maintenance products,WD-40,High-quality WD-40 maintenance products suited for everyday use. Ideal for the Kenyan market.,850,133,Used,SELL-002,0.4,False,3.4,543
PROD-096,Total Quartz Engine Oil 5W-40 4L,Automotive,maintenance products,Total,High-quality Total maintenance products suited for everyday use. Ideal for the Kenyan market.,4500,222,New,SELL-014,4.0,False,3.7,642
PROD-097,Microfiber Car Wash Towels 3-Pack,Automotive,maintenance products,Generic,High-quality Generic maintenance products suited for everyday use. Ideal for the Kenyan market.,600,261,New,SELL-007,0.2,False,3.2,1180
PROD-098,Portable Digital Air Compressor,Automotive,tools,Generic,High-quality Generic tools suited for everyday use. Ideal for the Kenyan market.,3500,362,New,SELL-030,1.2,False,3.9,1064
PROD-099,NGK Iridium Spark Plugs Set of 4,Automotive,maintenance products,NGK,High-quality NGK maintenance products suited for everyday use. Ideal for the Kenyan market.,4000,351,New,SELL-007,0.2,False,4.4,1373
PROD-100,Universal Car Floor Mats 4pc,Automotive,car accessories,Generic,High-quality Generic car accessories suited for everyday use. Ideal for the Kenyan market.,2500,35,New,SELL-020,2.5,False,4.9,676
PROD-101,Boda Boda Reflective Safety Vest,Automotive,motorcycle accessories,Generic,High-quality Generic motorcycle accessories suited for everyday use. Ideal for the Kenyan market.,300,434,New,SELL-017,0.1,False,3.2,615
PROD-102,Leather Steering Wheel Cover,Automotive,car accessories,Generic,High-quality Generic car accessories suited for everyday use. Ideal for the Kenyan market.,1000,209,New,SELL-010,0.3,False,3.7,1427
PROD-103,Baseus Magnetic Car Phone Holder,Automotive,car accessories,Baseus,High-quality Baseus car accessories suited for everyday use. Ideal for the Kenyan market.,1200,98,New,SELL-022,0.1,False,3.8,776
PROD-104,Motul Motorcycle Chain Lube,Automotive,maintenance products,Motul,High-quality Motul maintenance products suited for everyday use. Ideal for the Kenyan market.,1500,89,New,SELL-013,0.4,False,4.2,616
PROD-105,Real-Time Car GPS Tracker,Automotive,electronics,Generic,High-quality Generic electronics suited for everyday use. Ideal for the Kenyan market.,4500,0,New,SELL-014,0.2,False,3.6,430
PROD-106,Sony PlayStation 5 Console,Computers & Gaming,consoles,Sony,High-quality Sony consoles suited for everyday use. Ideal for the Kenyan market.,85000,19,New,SELL-015,4.5,True,4.3,952
PROD-107,Xbox Series S 512GB,Computers & Gaming,consoles,Microsoft,High-quality Microsoft consoles suited for everyday use. Ideal for the Kenyan market.,45000,6,New,SELL-022,2.0,True,4.0,347
PROD-108,DualSense Wireless Controller,Computers & Gaming,controllers,Sony,High-quality Sony controllers suited for everyday use. Ideal for the Kenyan market.,11000,263,New,SELL-011,0.3,False,4.3,1268
PROD-109,EA Sports FC 24 PS5 Game,Computers & Gaming,games,EA Sports,High-quality EA Sports games suited for everyday use. Ideal for the Kenyan market.,9500,24,New,SELL-008,0.1,True,3.5,635
PROD-110,AMD Ryzen 5 5600X Processor,Computers & Gaming,CPUs,AMD,High-quality AMD cpus suited for everyday use. Ideal for the Kenyan market.,28000,4,New,SELL-016,0.2,True,3.0,501
PROD-111,NVIDIA RTX 3060 12GB GPU,Computers & Gaming,GPUs,NVIDIA,High-quality NVIDIA gpus suited for everyday use. Ideal for the Kenyan market.,55000,24,New,SELL-029,1.0,True,3.1,848
PROD-112,Corsair Vengeance LPX 16GB RAM,Computers & Gaming,RAM,Corsair,High-quality Corsair ram suited for everyday use. Ideal for the Kenyan market.,8500,99,New,SELL-016,0.1,False,4.4,786
PROD-113,Samsung 980 1TB NVMe SSD,Computers & Gaming,SSDs,Samsung,High-quality Samsung ssds suited for everyday use. Ideal for the Kenyan market.,14000,75,New,SELL-029,0.1,False,4.3,11
PROD-114,Logitech G102 Gaming Mouse,Computers & Gaming,mice,Logitech,High-quality Logitech mice suited for everyday use. Ideal for the Kenyan market.,3500,394,New,SELL-008,0.15,False,4.8,870
PROD-115,Redragon Kumara Mechanical Keyboard,Computers & Gaming,keyboards,Redragon,High-quality Redragon keyboards suited for everyday use. Ideal for the Kenyan market.,5500,490,New,SELL-002,0.8,False,4.4,951
PROD-116,ASUS TUF 24-inch 144Hz Monitor,Computers & Gaming,gaming monitors,ASUS,High-quality ASUS gaming monitors suited for everyday use. Ideal for the Kenyan market.,32000,3,New,SELL-022,5.5,True,3.9,951
PROD-117,Elgato Stream Deck MK.2,Computers & Gaming,streaming equipment,Elgato,High-quality Elgato streaming equipment suited for everyday use. Ideal for the Kenyan market.,25000,17,New,SELL-020,0.4,True,4.2,906
PROD-118,Pre-built Core i7 Gaming Desktop,Computers & Gaming,desktops,Generic,High-quality Generic desktops suited for everyday use. Ideal for the Kenyan market.,110000,16,New,SELL-015,12.0,True,3.9,1122
PROD-119,HyperX Cloud II Gaming Headset,Computers & Gaming,streaming equipment,HyperX,High-quality HyperX streaming equipment suited for everyday use. Ideal for the Kenyan market.,12000,380,Used,SELL-009,0.4,False,4.7,921
PROD-120,NZXT H510 Desktop PC Case,Computers & Gaming,desktops,NZXT,High-quality NZXT desktops suited for everyday use. Ideal for the Kenyan market.,12500,430,New,SELL-016,6.6,False,4.3,1067
PROD-121,Pampers Active Baby Diapers Size 4,Baby & Kids,baby equipment,Pampers,High-quality Pampers baby equipment suited for everyday use. Ideal for the Kenyan market.,1800,140,New,SELL-010,1.5,False,3.9,1461
PROD-122,Huggies Pure Baby Wipes 56pk,Baby & Kids,baby equipment,Huggies,High-quality Huggies baby equipment suited for everyday use. Ideal for the Kenyan market.,300,171,New,SELL-003,0.3,False,3.6,1106
PROD-123,Chicco Foldable Baby Stroller,Baby & Kids,baby equipment,Chicco,High-quality Chicco baby equipment suited for everyday use. Ideal for the Kenyan market.,15000,118,New,SELL-023,8.0,False,3.8,312
PROD-124,Cerelac Maize & Wheat 400g,Baby & Kids,baby equipment,Nestlé,High-quality Nestlé baby equipment suited for everyday use. Ideal for the Kenyan market.,650,212,New,SELL-015,0.4,False,3.8,1111
PROD-125,Lego Classic Creative Bricks,Baby & Kids,toys,Lego,High-quality Lego toys suited for everyday use. Ideal for the Kenyan market.,4500,6,New,SELL-029,0.8,True,4.7,797
PROD-126,Barbie Fashionista Doll,Baby & Kids,toys,Mattel,High-quality Mattel toys suited for everyday use. Ideal for the Kenyan market.,2500,484,New,SELL-013,0.2,False,4.4,1179
PROD-127,Kids 16-inch Bicycle,Baby & Kids,toys,Generic,High-quality Generic toys suited for everyday use. Ideal for the Kenyan market.,8500,482,New,SELL-028,10.0,False,3.7,798
PROD-128,Wooden Baby Cot with Mattress,Baby & Kids,children's furniture,Generic,High-quality Generic children's furniture suited for everyday use. Ideal for the Kenyan market.,18000,13,Used,SELL-026,20.0,True,4.1,1118
PROD-129,Cotton Baby Onesies 3-pack,Baby & Kids,baby clothing,Generic,High-quality Generic baby clothing suited for everyday use. Ideal for the Kenyan market.,1500,112,New,SELL-014,0.3,False,4.0,558
PROD-130,Durable School Backpack,Baby & Kids,school supplies,Generic,High-quality Generic school supplies suited for everyday use. Ideal for the Kenyan market.,1800,199,New,SELL-026,0.6,False,3.7,1390
PROD-131,Insulated Kids Water Bottle,Baby & Kids,school supplies,Generic,High-quality Generic school supplies suited for everyday use. Ideal for the Kenyan market.,850,84,New,SELL-020,0.2,False,4.7,261
PROD-132,Johnson's Baby Lotion 500ml,Baby & Kids,baby equipment,Johnson's,High-quality Johnson's baby equipment suited for everyday use. Ideal for the Kenyan market.,750,464,New,SELL-022,0.5,False,3.8,1155
PROD-133,Play-Doh Modeling Compound 4-Pack,Baby & Kids,toys,Hasbro,High-quality Hasbro toys suited for everyday use. Ideal for the Kenyan market.,950,329,New,SELL-006,0.5,False,3.9,945
PROD-134,Adjustable Baby High Chair,Baby & Kids,children's furniture,Generic,High-quality Generic children's furniture suited for everyday use. Ideal for the Kenyan market.,6500,194,New,SELL-011,5.0,False,3.7,931
PROD-135,Magnetic Kids Drawing Board,Baby & Kids,toys,Generic,High-quality Generic toys suited for everyday use. Ideal for the Kenyan market.,1200,450,New,SELL-009,0.5,False,3.8,863
PROD-136,Kasuku A4 Ruled Exercise Book 200pg,Books & Stationery,notebooks,Kasuku,High-quality Kasuku notebooks suited for everyday use. Ideal for the Kenyan market.,150,240,New,SELL-002,0.2,False,3.0,1104
PROD-137,Bic Cristal Ballpoint Pens 50pk,Books & Stationery,pens,Bic,High-quality Bic pens suited for everyday use. Ideal for the Kenyan market.,950,179,Refurbished,SELL-025,0.3,False,3.4,140
PROD-138,Blossoms of the Savannah Setbook,Books & Stationery,educational materials,Longhorn,High-quality Longhorn educational materials suited for everyday use. Ideal for the Kenyan market.,700,20,Refurbished,SELL-007,0.3,False,4.5,506
PROD-139,Oxford Mathematical Instruments,Books & Stationery,educational materials,Oxford,High-quality Oxford educational materials suited for everyday use. Ideal for the Kenyan market.,250,318,New,SELL-016,0.1,False,3.3,258
PROD-140,Copy Rite A4 Printing Paper Ream,Books & Stationery,office supplies,Copy Rite,High-quality Copy Rite office supplies suited for everyday use. Ideal for the Kenyan market.,750,288,New,SELL-023,2.5,False,4.9,952
PROD-141,Casio FX-82EX Scientific Calculator,Books & Stationery,office supplies,Casio,High-quality Casio office supplies suited for everyday use. Ideal for the Kenyan market.,2500,188,New,SELL-024,0.15,False,3.3,1243
PROD-142,Post-it Sticky Notes 3x3,Books & Stationery,office supplies,Post-it,High-quality Post-it office supplies suited for everyday use. Ideal for the Kenyan market.,300,398,New,SELL-004,0.05,False,4.6,637
PROD-143,Kartasi Lever Arch Box File,Books & Stationery,office supplies,Kartasi,High-quality Kartasi office supplies suited for everyday use. Ideal for the Kenyan market.,350,475,New,SELL-030,0.4,False,3.6,1387
PROD-144,Rich Dad Poor Dad Paperback,Books & Stationery,books,Kiyosaki,High-quality Kiyosaki books suited for everyday use. Ideal for the Kenyan market.,1200,203,Refurbished,SELL-003,0.3,False,4.9,406
PROD-145,Atomic Habits by James Clear,Books & Stationery,books,Clear,High-quality Clear books suited for everyday use. Ideal for the Kenyan market.,1500,425,New,SELL-023,0.3,False,4.3,208
PROD-146,Assorted Manilla Paper 100pk,Books & Stationery,educational materials,Generic,High-quality Generic educational materials suited for everyday use. Ideal for the Kenyan market.,800,435,New,SELL-026,1.0,False,4.4,247
PROD-147,Kangaro Medium Desktop Stapler,Books & Stationery,office supplies,Kangaro,High-quality Kangaro office supplies suited for everyday use. Ideal for the Kenyan market.,650,400,Refurbished,SELL-014,0.3,False,3.1,1091
PROD-148,Snowman Whiteboard Markers 4pk,Books & Stationery,pens,Snowman,High-quality Snowman pens suited for everyday use. Ideal for the Kenyan market.,450,35,New,SELL-001,0.1,False,4.0,698
PROD-149,Crayola Colored Pencils 12pk,Books & Stationery,pens,Crayola,High-quality Crayola pens suited for everyday use. Ideal for the Kenyan market.,550,421,New,SELL-012,0.1,False,4.0,887
PROD-150,The River and the Source Novel,Books & Stationery,books,Focus,High-quality Focus books suited for everyday use. Ideal for the Kenyan market.,650,424,New,SELL-014,0.2,False,3.9,313
PROD-151,Stanley 16oz Claw Hammer,Tools & Hardware,hand tools,Stanley,High-quality Stanley hand tools suited for everyday use. Ideal for the Kenyan market.,1800,267,New,SELL-020,0.7,False,4.9,553
PROD-152,Bosch 13mm Impact Drill,Tools & Hardware,power tools,Bosch,High-quality Bosch power tools suited for everyday use. Ideal for the Kenyan market.,8500,275,New,SELL-014,2.0,False,4.5,952
PROD-153,Ingco 13-Piece Screwdriver Set,Tools & Hardware,hand tools,Ingco,High-quality Ingco hand tools suited for everyday use. Ideal for the Kenyan market.,1500,303,New,SELL-027,0.5,False,3.5,502
PROD-154,Heavy Duty Tape Measure 5m,Tools & Hardware,hand tools,Generic,High-quality Generic hand tools suited for everyday use. Ideal for the Kenyan market.,450,142,Refurbished,SELL-025,0.2,False,4.8,499
PROD-155,Jua Kali Panga/Machete,Tools & Hardware,hand tools,Local,High-quality Local hand tools suited for everyday use. Ideal for the Kenyan market.,350,312,New,SELL-001,0.5,False,4.3,688
PROD-156,10-inch Adjustable Wrench,Tools & Hardware,hand tools,Generic,High-quality Generic hand tools suited for everyday use. Ideal for the Kenyan market.,950,166,New,SELL-012,0.6,False,3.4,434
PROD-157,Makita 115mm Angle Grinder,Tools & Hardware,power tools,Makita,High-quality Makita power tools suited for everyday use. Ideal for the Kenyan market.,9500,174,New,SELL-023,2.2,False,3.6,1220
PROD-158,Bata Industrials Safety Boots,Tools & Hardware,workshop equipment,Bata Industrials,High-quality Bata Industrials workshop equipment suited for everyday use. Ideal for the Kenyan market.,4500,284,Used,SELL-003,1.5,False,3.0,391
PROD-159,Heavy Duty PVC Pipe 2-inch,Tools & Hardware,plumbing supplies,Generic,High-quality Generic plumbing supplies suited for everyday use. Ideal for the Kenyan market.,800,208,New,SELL-023,1.0,False,4.0,492
PROD-160,LED Outdoor Floodlight 50W,Tools & Hardware,electrical supplies,Generic,High-quality Generic electrical supplies suited for everyday use. Ideal for the Kenyan market.,1500,364,New,SELL-003,0.8,False,4.0,35
PROD-161,Tri-Circle Heavy Duty Padlock,Tools & Hardware,workshop equipment,Tri-Circle,High-quality Tri-Circle workshop equipment suited for everyday use. Ideal for the Kenyan market.,650,207,New,SELL-022,0.3,False,4.4,627
PROD-162,Tronic 4-Way Extension Cable 3m,Tools & Hardware,electrical supplies,Tronic,High-quality Tronic electrical supplies suited for everyday use. Ideal for the Kenyan market.,1200,242,New,SELL-014,0.4,False,4.1,704
PROD-163,Professional Paint Brush Set,Tools & Hardware,workshop equipment,Generic,High-quality Generic workshop equipment suited for everyday use. Ideal for the Kenyan market.,500,281,Refurbished,SELL-015,0.2,False,3.7,1439
PROD-164,Crown Paints Silk Vinyl 4L,Tools & Hardware,workshop equipment,Crown,High-quality Crown workshop equipment suited for everyday use. Ideal for the Kenyan market.,3500,128,New,SELL-007,5.0,False,3.5,1477
PROD-165,Total Socket Wrench Set 24pcs,Tools & Hardware,hand tools,Total,High-quality Total hand tools suited for everyday use. Ideal for the Kenyan market.,4500,380,New,SELL-006,3.5,False,4.1,1413
PROD-166,Chillington Jembe/Hoe with Handle,Outdoor & Agriculture,farming tools,Chillington,High-quality Chillington farming tools suited for everyday use. Ideal for the Kenyan market.,850,378,New,SELL-019,1.5,False,4.0,1483
PROD-167,Heavy Duty Wheelbarrow,Outdoor & Agriculture,farming tools,Generic,High-quality Generic farming tools suited for everyday use. Ideal for the Kenyan market.,4500,268,Refurbished,SELL-027,15.0,False,4.2,205
PROD-168,Jacto Knapsack Sprayer 16L,Outdoor & Agriculture,farming tools,Jacto,High-quality Jacto farming tools suited for everyday use. Ideal for the Kenyan market.,5500,116,New,SELL-001,4.0,False,3.7,619
PROD-169,Mavuno DAP Fertilizer 50kg,Outdoor & Agriculture,gardening equipment,Mavuno,High-quality Mavuno gardening equipment suited for everyday use. Ideal for the Kenyan market.,5800,64,New,SELL-018,50.0,False,3.5,111
PROD-170,Simlaw Sukuma Wiki Seeds 50g,Outdoor & Agriculture,gardening equipment,Simlaw,High-quality Simlaw gardening equipment suited for everyday use. Ideal for the Kenyan market.,150,483,New,SELL-004,0.05,False,3.3,1005
PROD-171,Unga Farm Care Dairy Meal 50kg,Outdoor & Agriculture,farming tools,Unga,High-quality Unga farming tools suited for everyday use. Ideal for the Kenyan market.,2800,293,Used,SELL-015,50.0,False,3.6,980
PROD-172,Coleman 2-Person Camping Tent,Outdoor & Agriculture,camping equipment,Coleman,High-quality Coleman camping equipment suited for everyday use. Ideal for the Kenyan market.,8500,494,New,SELL-004,3.0,False,3.1,978
PROD-173,Thermal Sleeping Bag,Outdoor & Agriculture,camping equipment,Generic,High-quality Generic camping equipment suited for everyday use. Ideal for the Kenyan market.,3500,205,New,SELL-021,1.5,False,4.0,1181
PROD-174,D.light Solar Lantern,Outdoor & Agriculture,outdoor equipment,D.light,High-quality D.light outdoor equipment suited for everyday use. Ideal for the Kenyan market.,1500,77,New,SELL-010,0.3,False,3.3,1152
PROD-175,Flexible Garden Hose Pipe 20m,Outdoor & Agriculture,gardening equipment,Generic,High-quality Generic gardening equipment suited for everyday use. Ideal for the Kenyan market.,2200,127,New,SELL-020,2.5,False,3.2,852
PROD-176,Steel Pruning Shears,Outdoor & Agriculture,gardening equipment,Generic,High-quality Generic gardening equipment suited for everyday use. Ideal for the Kenyan market.,650,316,New,SELL-013,0.2,False,3.5,1070
PROD-177,Portable Charcoal BBQ Grill,Outdoor & Agriculture,outdoor equipment,Generic,High-quality Generic outdoor equipment suited for everyday use. Ideal for the Kenyan market.,3500,226,New,SELL-014,4.0,False,3.6,1205
PROD-178,Wellington Gumboots,Outdoor & Agriculture,farming tools,Generic,High-quality Generic farming tools suited for everyday use. Ideal for the Kenyan market.,950,317,New,SELL-025,1.0,False,3.1,203
PROD-179,Plastic Chicken Feeder 3kg,Outdoor & Agriculture,farming tools,Generic,High-quality Generic farming tools suited for everyday use. Ideal for the Kenyan market.,450,108,New,SELL-006,0.3,False,3.5,166
PROD-180,Galvanized Barbed Wire Roll,Outdoor & Agriculture,farming tools,Generic,High-quality Generic farming tools suited for everyday use. Ideal for the Kenyan market.,4500,282,New,SELL-014,20.0,False,3.2,5
PROD-181,Safaricom Neon Ray Pro,Phones & Accessories,smartphones,Safaricom,High-quality Safaricom smartphones suited for everyday use. Ideal for the Kenyan market.,5500,304,New,SELL-008,0.2,False,3.9,66
PROD-182,Tecno Spark 10 128GB,Phones & Accessories,smartphones,Tecno,High-quality Tecno smartphones suited for everyday use. Ideal for the Kenyan market.,16500,144,New,SELL-003,0.2,False,4.4,929
PROD-183,Infinix Hot 30 256GB,Phones & Accessories,smartphones,Infinix,High-quality Infinix smartphones suited for everyday use. Ideal for the Kenyan market.,19500,473,New,SELL-019,0.2,False,3.5,1280
PROD-184,Apple iPhone 15 Pro Max 256GB,Phones & Accessories,smartphones,Apple,High-quality Apple smartphones suited for everyday use. Ideal for the Kenyan market.,220000,6,New,SELL-008,0.2,True,3.9,1115
PROD-185,Samsung Galaxy A14 64GB,Phones & Accessories,smartphones,Samsung,High-quality Samsung smartphones suited for everyday use. Ideal for the Kenyan market.,18500,465,New,SELL-003,0.2,False,3.5,291
PROD-186,Oraimo 20000mAh Power Bank,Phones & Accessories,power banks,Oraimo,High-quality Oraimo power banks suited for everyday use. Ideal for the Kenyan market.,3500,405,New,SELL-030,0.4,False,3.6,1165
PROD-187,Anker 20W USB-C Fast Charger,Phones & Accessories,chargers,Anker,High-quality Anker chargers suited for everyday use. Ideal for the Kenyan market.,2500,63,New,SELL-023,0.1,False,3.9,622
PROD-188,Braided iPhone Lightning Cable,Phones & Accessories,cables,Generic,High-quality Generic cables suited for everyday use. Ideal for the Kenyan market.,800,139,New,SELL-015,0.05,False,4.0,1011
PROD-189,Spigen Clear Case for S23 Ultra,Phones & Accessories,cases,Spigen,High-quality Spigen cases suited for everyday use. Ideal for the Kenyan market.,2500,20,New,SELL-020,0.05,False,4.8,660
PROD-190,9H Tempered Glass Screen Protector,Phones & Accessories,screen protectors,Generic,High-quality Generic screen protectors suited for everyday use. Ideal for the Kenyan market.,500,46,New,SELL-027,0.05,False,3.5,1380
PROD-191,Apple Watch Series 9,Phones & Accessories,smartwatches,Apple,High-quality Apple smartwatches suited for everyday use. Ideal for the Kenyan market.,65000,18,Used,SELL-027,0.1,True,4.9,1376
PROD-192,Oraimo FreePods 4 Earbuds,Phones & Accessories,smartwatches,Oraimo,High-quality Oraimo smartwatches suited for everyday use. Ideal for the Kenyan market.,4500,20,New,SELL-016,0.1,False,4.5,358
PROD-193,Huawei Band 8 Fitness Tracker,Phones & Accessories,smartwatches,Huawei,High-quality Huawei smartwatches suited for everyday use. Ideal for the Kenyan market.,8500,226,New,SELL-019,0.1,False,4.8,371
PROD-194,Baseus Dual Port Car Phone Charger,Phones & Accessories,chargers,Baseus,High-quality Baseus chargers suited for everyday use. Ideal for the Kenyan market.,1500,416,New,SELL-016,0.1,False,4.0,186
PROD-195,Itel A58 32GB,Phones & Accessories,smartphones,Itel,High-quality Itel smartphones suited for everyday use. Ideal for the Kenyan market.,9500,170,New,SELL-028,0.2,False,3.6,214
PROD-196,Whiskas Adult Dry Cat Food 1kg,Pet Supplies,pet food,Whiskas,High-quality Whiskas pet food suited for everyday use. Ideal for the Kenyan market.,950,210,New,SELL-022,1.0,False,4.4,590
PROD-197,Pedigree Adult Dry Dog Food 3kg,Pet Supplies,pet food,Pedigree,High-quality Pedigree pet food suited for everyday use. Ideal for the Kenyan market.,2500,416,New,SELL-015,3.0,False,4.5,75
PROD-198,Adjustable Dog Collar & Leash Set,Pet Supplies,accessories,Generic,High-quality Generic accessories suited for everyday use. Ideal for the Kenyan market.,850,129,New,SELL-028,0.2,False,3.6,827
PROD-199,Clumping Cat Litter Sand 5L,Pet Supplies,accessories,Generic,High-quality Generic accessories suited for everyday use. Ideal for the Kenyan market.,1200,0,New,SELL-015,5.0,False,4.3,1111
PROD-200,Double-Sided Pet Grooming Brush,Pet Supplies,grooming products,Generic,High-quality Generic grooming products suited for everyday use. Ideal for the Kenyan market.,650,96,New,SELL-025,0.1,False,4.0,1275
PROD-201,Durable Rubber Dog Chew Bone,Pet Supplies,toys,Generic,High-quality Generic toys suited for everyday use. Ideal for the Kenyan market.,450,226,New,SELL-009,0.2,False,4.5,416
PROD-202,Medium Steel Bird Cage,Pet Supplies,cages,Generic,High-quality Generic cages suited for everyday use. Ideal for the Kenyan market.,4500,474,New,SELL-016,3.0,False,3.6,1430
PROD-203,TetraMin Tropical Fish Food Flakes,Pet Supplies,pet food,Tetra,High-quality Tetra pet food suited for everyday use. Ideal for the Kenyan market.,850,498,New,SELL-023,0.1,False,4.3,490
PROD-204,Flea & Tick Pet Shampoo 500ml,Pet Supplies,grooming products,Generic,High-quality Generic grooming products suited for everyday use. Ideal for the Kenyan market.,950,282,New,SELL-003,0.5,False,3.0,835
PROD-205,Sisal Cat Scratching Post,Pet Supplies,toys,Generic,High-quality Generic toys suited for everyday use. Ideal for the Kenyan market.,3500,430,New,SELL-004,2.0,False,4.8,945
PROD-206,Large Washable Dog Bed,Pet Supplies,accessories,Generic,High-quality Generic accessories suited for everyday use. Ideal for the Kenyan market.,4500,78,New,SELL-010,1.5,False,4.0,1467
PROD-207,Automatic Pet Water Dispenser,Pet Supplies,accessories,Generic,High-quality Generic accessories suited for everyday use. Ideal for the Kenyan market.,2200,139,New,SELL-016,0.8,False,3.8,988
PROD-208,Quiet Aquarium Air Pump,Pet Supplies,accessories,Generic,High-quality Generic accessories suited for everyday use. Ideal for the Kenyan market.,1500,282,New,SELL-030,0.3,False,3.3,390
PROD-209,Nutritious Rabbit Pellets 2kg,Pet Supplies,pet food,Generic,High-quality Generic pet food suited for everyday use. Ideal for the Kenyan market.,450,382,New,SELL-009,2.0,False,4.8,142
PROD-210,Portable Pet Carrier Bag,Pet Supplies,cages,Generic,High-quality Generic cages suited for everyday use. Ideal for the Kenyan market.,3500,437,New,SELL-009,1.2,False,3.8,1039
